geonameid;name;asciiname;latitude;longitude;feature code;country code;admin1 code;admin2 code;population;modification date
777197;Tana;Tana;70.19976;28.18494;ADM2;NO;05;2025;2951;2011-10-31
777394;Storfjord;Storfjord;69.2686;19.96089;ADM2;NO;18;1939;1869;2014-02-02
777554;Sør-Varanger;Sor-Varanger;69.72859;30.04264;ADM2;NO;05;2030;9623;2014-02-02
777680;Skjervøy;Skjervoy;70.03379;20.97365;ADM2;NO;18;1941;2897;2014-02-02
778430;Nordreisa;Nordreisa;69.76825;21.02569;ADM2;NO;18;1942;4694;2010-12-07
778459;Nordkapp;Nordkapp;70.97808;25.97473;ADM2;NO;05;2019;3180;2010-12-07
778559;Nesseby;Nesseby;69.88541;28.43368;ADM2;NO;05;2027;878;2014-02-02
778730;Måsøy;Masoy;70.99654;24.66146;ADM2;NO;05;2018;1309;2010-12-07
778840;Lyngen;Lyngen;69.57621;20.21702;ADM2;NO;18;1938;3166;2014-02-02
778877;Loppa;Loppa;70.23952;22.35136;ADM2;NO;05;2014;1087;2010-12-07
778967;Lebesby;Lebesby;70.94535;27.35134;ADM2;NO;05;2022;1332;2010-12-07
779143;Kvalsund;Kvalsund;70.4991;23.97393;ADM2;NO;05;2017;1044;2014-07-10
779159;Kvænangen;Kvaenangen;69.9389;22.04935;ADM2;NO;18;1943;1330;2010-12-07
779327;Kautokeino;Kautokeino;69.01151;23.04151;ADM2;NO;05;2011;2971;2014-10-25
779339;Karlsøy;Karlsoy;69.96185;19.61811;ADM2;NO;18;1936;2383;2014-02-02
779349;Karasjok;Karasjok;69.47224;25.51885;ADM2;NO;05;2021;2786;2014-02-02
779367;Kåfjord;Kafjord;69.604;20.53456;ADM2;NO;18;1940;2236;2014-02-03
779641;Hasvik;Hasvik;70.59164;22.30272;ADM2;NO;05;2015;970;2010-12-07
779933;Gamvik;Gamvik;71.04107;27.85144;ADM2;NO;05;2023;1025;2010-12-07
780166;Finnmark Fylke;Finnmark Fylke;70.0815;29.7358;ADM1;NO;05;;73074;2016-10-21
780686;Berlevåg;Berlevag;70.85723;29.0851;ADM2;NO;05;2024;1061;2015-12-20
780714;Båtsfjord;Batsfjord;70.63506;29.72149;ADM2;NO;05;2028;2074;2014-07-11
780946;Alta;Alta;69.97675;23.29634;ADM2;NO;05;2012;18488;2014-02-02
3131325;Voss;Voss;60.6278;6.41831;ADM2;NO;07;1235;13868;2010-12-07
3131447;Volda;Volda;62.14678;6.068;ADM2;NO;08;1519;8509;2014-07-10
3131656;Vikna;Vikna;64.86362;11.24198;ADM2;NO;10;1750;4100;2012-05-27
3131675;Vik;Vik;61.08863;6.58512;ADM2;NO;15;1417;2780;2014-02-02
3131900;Vevelstad;Vevelstad;65.70002;12.43921;ADM2;NO;09;1816;501;2014-02-02
3131957;Vestre Toten;Vestre Toten;60.72593;10.60764;ADM2;NO;11;0529;12714;2010-12-07
3131961;Vestre Slidre;Vestre Slidre;61.08842;8.98196;ADM2;NO;11;0543;2194;2010-12-07
3131969;Lillesand;Lillesand;58.24982;8.37848;ADM2;NO;02;0926;9329;2010-12-07
3132015;Vestfold fylke;Vestfold fylke;59.2654;10.4159;ADM1;NO;20;;236424;2017-09-21
3132050;Vestby;Vestby;59.60228;10.74807;ADM2;NO;01;0211;14095;2010-12-07
3132064;Vest-Agder Fylke;Vest-Agder Fylke;58.1513;7.9947;ADM1;NO;19;;161276;2017-11-21
3132142;Verran;Verran;64.071;11.21795;ADM2;NO;10;1724;2924;2010-12-07
3132178;Verdal;Verdal;63.90023;11.72724;ADM2;NO;10;1721;14157;2014-02-02
3132206;Vennesla;Vennesla;58.34271;7.97596;ADM2;NO;19;1014;12886;2010-12-07
3132337;Vegårshei;Vegarshei;58.75092;8.86453;ADM2;NO;02;0912;1881;2014-05-31
3132346;Vefsn;Vefsn;65.84109;13.20024;ADM2;NO;09;1824;13342;2010-12-07
3132715;Vanylven;Vanylven;62.10003;5.55827;ADM2;NO;08;1511;3494;2010-12-07
3132848;Valle;Valle;59.21194;7.53341;ADM2;NO;02;0940;1292;2010-12-07
3132904;Re;Re;59.35056;10.24763;ADM2;NO;20;0716;8527;2017-10-15
3133044;Vågan;Vagan;68.2322;14.56226;ADM2;NO;09;1865;8976;2010-12-07
3133054;Vågå;Vaga;61.87565;9.09572;ADM2;NO;11;0515;3707;2010-12-07
3133071;Værøy;Vaeroy;67.66374;12.69337;ADM2;NO;09;1857;738;2014-02-02
3133144;Utsira;Utsira;59.30565;4.88621;ADM2;NO;14;1151;214;2014-07-10
3133311;Ulvik;Ulvik;60.56719;6.91871;ADM2;NO;07;1233;1095;2014-02-02
3133350;Ulstein;Ulstein;62.34423;5.85241;ADM2;NO;08;1516;7052;2010-12-07
3133379;Ullensvang;Ullensvang;60.37501;6.72073;ADM2;NO;07;1231;3351;2010-12-07
3133381;Ullensaker;Ullensaker;60.14401;11.17441;ADM2;NO;01;0235;28138;2010-12-07
3133447;Tysvær;Tysvaer;59.42159;5.44781;ADM2;NO;14;1146;9712;2010-12-07
3133472;Tysnes;Tysnes;60.04076;5.53129;ADM2;NO;07;1223;2792;2014-07-10
3133482;Tysfjord;Tysfjord;68.09772;16.37591;ADM2;NO;09;1850;2046;2010-12-07
3133497;Tynset;Tynset;62.27387;10.77626;ADM2;NO;06;0437;5400;2014-07-10
3133517;Tydal;Tydal;63.04477;11.65038;ADM2;NO;16;1665;857;2010-12-07
3133680;Tvedestrand;Tvedestrand;58.62616;8.92637;ADM2;NO;02;0914;5939;2014-07-10
3133817;Trysil;Trysil;61.31549;12.26422;ADM2;NO;06;0428;6749;2010-12-07
3133881;Trondheim;Trondheim;63.42811;10.39687;ADM2;NO;16;1601;168257;2014-07-11
3133897;Troms Fylke;Troms Fylke;69.26591;19.51504;ADM1;NO;18;;152741;2017-09-21
3133977;Trøgstad;Trogstad;59.64016;11.3189;ADM2;NO;13;0122;5047;2010-12-07
3134052;Tranøy;Tranoy;69.17022;17.7348;ADM2;NO;18;1927;1537;2014-02-02
3134084;Træna;Traena;66.50159;12.09645;ADM2;NO;09;1835;455;2010-12-07
3134206;Torsken;Torsken;69.36184;17.05384;ADM2;NO;18;1928;916;2014-02-02
3134520;Tjøme;Tjome;59.11087;10.39326;ADM2;NO;20;0723;4663;2010-12-07
3134549;Tjeldsund;Tjeldsund;68.55557;16.36172;ADM2;NO;09;1852;1333;2010-12-07
3134592;Tinn;Tinn;59.83486;9.13528;ADM2;NO;17;0826;6010;2014-02-02
3134596;Tingvoll;Tingvoll;62.91194;8.20673;ADM2;NO;08;1560;3062;2014-07-10
3134627;Time;Time;58.73636;5.65297;ADM2;NO;14;1121;15836;2014-02-02
3134723;Telemark fylke;Telemark fylke;59.2161;9.6112;ADM1;NO;17;;170643;2017-09-21
3134983;Sykkylven;Sykkylven;62.38962;6.57825;ADM2;NO;08;1528;7565;2010-12-07
3135136;Sveio;Sveio;59.54303;5.3541;ADM2;NO;07;1216;4906;2014-06-08
3135358;Surnadal;Surnadal;62.97533;8.7249;ADM2;NO;08;1566;6000;2014-07-10
3135381;Sunndal;Sunndal;62.67464;8.56188;ADM2;NO;08;1563;7347;2010-12-07
3135436;Sund;Sund;60.27019;5.07225;ADM2;NO;07;1245;5899;2010-12-07
3135597;Stryn;Stryn;61.90406;6.724;ADM2;NO;15;1449;6844;2014-02-02
3135788;Strand;Strand;59.02353;6.04343;ADM2;NO;14;1130;11045;2014-06-08
3135806;Stranda;Stranda;62.31132;6.93115;ADM2;NO;08;1525;4533;2010-12-07
3136387;Stor-Elvdal;Stor-Elvdal;61.57198;11.04759;ADM2;NO;06;0430;2689;2010-12-07
3136522;Stord;Stord;59.78092;5.4998;ADM2;NO;07;1221;17289;2017-01-31
3136539;Stordal;Stordal;62.38214;6.98708;ADM2;NO;08;1526;1001;2014-07-10
3136717;Stokke;Stokke;59.22191;10.30045;ADM2H;NO;20;0720;10866;2017-09-20
3136768;Stjørdal;Stjordal;63.56699;11.0273;ADM2;NO;10;1714;20960;2014-02-02
3136944;Steinkjer;Steinkjer;64.19303;11.38505;ADM2;NO;10;1702;20868;2014-02-02
3137038;Steigen;Steigen;67.77625;15.01621;ADM2;NO;09;1848;2665;2010-12-07
3137167;Stange;Stange;60.71576;11.19069;ADM2;NO;06;0417;18982;2010-12-07
3137244;Spydeberg;Spydeberg;59.62028;11.08069;ADM2;NO;13;0123;5148;2014-02-02
3137391;Sørum;Sorum;59.98709;11.24019;ADM2;NO;01;0226;14942;2010-12-07
3137400;Sør-Trøndelag Fylke;Sor-Trondelag Fylke;63.4292;10.3945;ADM1;NO;16;;272567;2017-09-21
3137404;Sortland;Sortland;68.69618;15.41174;ADM2;NO;09;1870;9732;2014-07-10
3137432;Sørreisa;Sorreisa;69.14697;18.15629;ADM2;NO;18;1925;3360;2014-02-03
3137441;Sør-Odal;Sor-Odal;60.25455;11.68246;ADM2;NO;06;0419;7795;2010-12-07
3137519;Sør-Fron;Sor-Fron;61.55652;9.93949;ADM2;NO;11;0519;3183;2014-07-10
3137522;Sørfold;Sorfold;67.34803;15.59445;ADM2;NO;09;1845;2021;2014-02-03
3137635;Sør-Aurdal;Sor-Aurdal;60.82242;9.54836;ADM2;NO;11;0540;3204;2014-07-10
3137638;Audnedal;Audnedal;58.28378;7.35487;ADM2;NO;19;1027;1630;2014-02-03
3137678;Søndre Land;Sondre Land;60.69944;10.35086;ADM2;NO;11;0536;5797;2010-12-07
3137700;Sømna;Somna;65.31379;12.16729;ADM2;NO;09;1812;2054;2014-02-03
3137740;Solund;Solund;61.07394;4.83876;ADM2;NO;15;1412;876;2010-12-07
3137941;Sola;Sola;58.88806;5.64728;ADM2;NO;14;1124;22076;2014-07-10
3137953;Sokndal;Sokndal;58.34256;6.29425;ADM2;NO;14;1111;3246;2010-12-07
3137966;Sogn og Fjordane Fylke;Sogn og Fjordane Fylke;61.1826;6.8526;ADM1;NO;15;;107032;2017-09-21
3137970;Søgne;Sogne;58.09663;7.81491;ADM2;NO;19;1018;10417;2010-12-07
3137974;Sogndal;Sogndal;61.23144;7.10301;ADM2;NO;15;1420;6968;2014-02-03
3138047;Snillfjord;Snillfjord;63.39973;9.50194;ADM2;NO;16;1613;988;2010-12-07
3138075;Snåsa;Snasa;64.24606;12.38294;ADM2;NO;10;1736;2176;2010-12-07
3138113;Smøla;Smola;63.46526;8.01814;ADM2;NO;08;1573;2119;2010-12-07
3138746;Skodje;Skodje;62.50306;6.69817;ADM2;NO;08;1529;3901;2014-07-10
3138965;Skjåk;Skjak;61.88349;8.2649;ADM2;NO;11;0513;2307;2010-12-07
3139014;Skiptvet;Skiptvet;59.47751;11.16171;ADM2;NO;13;0127;3492;2010-12-07
3139064;Ski;Ski;59.72049;10.83882;ADM2;NO;01;0213;27699;2014-07-10
3139111;Skedsmo;Skedsmo;59.95448;11.03952;ADM2;NO;01;0231;46668;2010-12-07
3139147;Skaun;Skaun;63.32386;10.06745;ADM2;NO;16;1657;6437;2014-07-10
3139372;Skånland;Skanland;68.58378;16.57305;ADM2;NO;18;1913;2841;2014-07-10
3139612;Sirdal;Sirdal;58.6651;6.71585;ADM2;NO;19;1046;1739;2014-02-03
3139675;Siljan;Siljan;59.28251;9.73368;ADM2;NO;17;0811;2404;2014-02-04
3139735;Sigdal;Sigdal;60.04592;9.63673;ADM2;NO;04;0621;3534;2010-12-07
3139893;Seljord;Seljord;59.48274;8.62672;ADM2;NO;17;0828;2925;2014-06-08
3139908;Selje;Selje;62.04263;5.34449;ADM2;NO;15;1441;2874;2014-02-04
3139922;Sel;Sel;61.77278;9.53415;ADM2;NO;11;0517;6015;2010-12-07
3139940;Selbu;Selbu;63.2177;11.03938;ADM2;NO;16;1664;4004;2010-12-07
3140043;Sauherad;Sauherad;59.39642;9.2491;ADM2;NO;17;0822;4274;2010-12-07
3140054;Sauda;Sauda;59.65067;6.35312;ADM2;NO;14;1135;4730;2010-12-07
3140273;Sandøy;Sandoy;62.78167;6.46875;ADM2;NO;08;1546;1307;2010-12-07
3140461;Samnanger;Samnanger;60.37745;5.76219;ADM2;NO;07;1242;2379;2010-12-07
3140498;Saltdal;Saltdal;67.10144;15.39458;ADM2;NO;09;1840;4727;2010-12-07
3140541;Salangen;Salangen;68.87669;17.83375;ADM2;NO;18;1923;2203;2010-12-07
3140821;Rygge;Rygge;59.40629;10.69298;ADM2;NO;13;0136;14105;2014-02-04
3141059;Røyrvik;Royrvik;64.8838;13.5631;ADM2;NO;10;1739;499;2014-02-04
3141104;Røyken;Royken;59.74019;10.41321;ADM2;NO;04;0627;18749;2010-12-07
3141198;Røst;Rost;67.51727;12.11564;ADM2;NO;09;1856;606;2017-01-26
3141407;Rømskog;Romskog;59.74968;11.81122;ADM2;NO;13;0121;671;2014-02-04
3141467;Rollag;Rollag;59.98413;9.29489;ADM2;NO;04;0632;1418;2014-02-04
3141558;Rogaland Fylke;Rogaland Fylke;59.09608;6.20442;ADM1;NO;14;;393104;2017-09-21
3141588;Rødøy;Rodoy;66.71195;13.2853;ADM2;NO;09;1836;1292;2014-02-04
3141654;Roan;Roan;64.17281;10.22511;ADM2;NO;16;1632;1010;2014-02-04
3141725;Rissa;Rissa;63.58314;9.95934;ADM2;NO;16;1624;6389;2014-02-04
3141831;Ringsaker;Ringsaker;60.88216;10.9503;ADM2;NO;06;0412;32402;2010-12-07
3141849;Ringebu;Ringebu;61.5298;10.1418;ADM2;NO;11;0520;4537;2014-02-04
3141865;Rindal;Rindal;63.05511;9.21274;ADM2;NO;08;1567;2041;2014-07-10
3141965;Rennesøy;Rennesoy;59.09899;5.69966;ADM2;NO;14;1142;3888;2010-12-07
3141967;Rennebu;Rennebu;62.82864;10.00487;ADM2;NO;16;1635;2621;2014-02-04
3141977;Rendalen;Rendalen;61.89004;11.07694;ADM2;NO;06;0432;2014;2010-12-07
3142395;Randaberg;Randaberg;58.9987;5.62055;ADM2;NO;14;1127;9867;2010-12-07
3142518;Rakkestad;Rakkestad;59.42822;11.3435;ADM2;NO;13;0128;7496;2014-02-04
3142561;Rælingen;Raelingen;59.92626;11.06527;ADM2;NO;01;0228;15345;2010-12-07
3142567;Råde;Rade;59.35162;10.87135;ADM2;NO;13;0135;6790;2014-07-11
3142751;Øystre Slidre;Oystre Slidre;61.13377;9.07872;ADM2;NO;11;0544;3181;2014-07-11
3142849;Øyer;Oyer;61.26495;10.41297;ADM2;NO;11;0521;4917;2010-12-07
3143010;Øvre Eiker;Ovre Eiker;59.77111;9.9084;ADM2;NO;04;0624;16350;2010-12-07
3143058;Overhalla;Overhalla;64.4938;11.94753;ADM2;NO;10;1744;3562;2010-12-07
3143158;Østre Toten;Ostre Toten;60.67659;10.81997;ADM2;NO;11;0528;14464;2014-06-08
3143188;Østfold fylke;Ostfold fylke;59.2752;11.1058;ADM1;NO;13;;258542;2017-09-21
3143242;Oslo County;Oslo County;59.9119;10.7336;ADM1;NO;12;;629313;2017-09-21
3143262;Osen;Osen;64.29875;10.51284;ADM2;NO;16;1633;1028;2010-12-07
3143333;Ørsta;Orsta;62.19937;6.13084;ADM2;NO;08;1520;10200;2014-07-10
3143338;Ørskog;Orskog;62.4845;6.82025;ADM2;NO;08;1523;2142;2010-12-07
3143410;Ørland;Orland;63.68574;9.66633;ADM2;NO;16;1621;5033;2017-01-31
3143419;Orkdal;Orkdal;63.29989;9.84365;ADM2;NO;16;1638;11160;2010-12-07
3143487;Oppland fylke;Oppland fylke;61.1163;10.4622;ADM1;NO;11;;183851;2017-09-21
3143498;Oppegård;Oppegard;59.81149;10.79712;ADM2;NO;01;0217;24612;2010-12-07
3143508;Oppdal;Oppdal;62.59495;9.68761;ADM2;NO;16;1634;6629;2014-07-10
3143705;Øksnes;Oksnes;68.91463;15.08703;ADM2;NO;09;1868;4418;2010-12-07
3143828;Odda;Odda;60.06697;6.54541;ADM2;NO;07;1228;7054;2014-02-04
3144070;Nøtterøy;Notteroy;59.22406;10.40899;ADM2;NO;20;0722;20600;2014-02-04
3144148;Nord-Trøndelag Fylke;Nord-Trondelag Fylke;64.28042;12.26667;ADM1;NO;10;;128444;2017-09-21
3144229;Nordre Land;Nordre Land;60.83471;10.07543;ADM2;NO;11;0538;6680;2010-12-07
3144273;Nord-Odal;Nord-Odal;60.39195;11.54151;ADM2;NO;06;0418;5098;2010-12-07
3144301;Nordland Fylke;Nordland Fylke;66.914;14.76254;ADM1;NO;09;;236825;2017-09-21
3144350;Nord-Fron;Nord-Fron;61.59556;9.7483;ADM2;NO;11;0516;5800;2014-07-10
3144404;Norddal;Norddal;62.2991;7.26145;ADM2;NO;08;1524;1769;2014-07-11
3144466;Nord-Aurdal;Nord-Aurdal;60.98531;9.23661;ADM2;NO;11;0542;6451;2010-12-07
3144549;Nittedal;Nittedal;60.04278;10.88167;ADM2;NO;01;0233;20555;2010-12-07
3144561;Nissedal;Nissedal;59.01958;8.52127;ADM2;NO;17;0830;1393;2010-12-07
3144640;Nesset;Nesset;62.77619;8.06623;ADM2;NO;08;1543;3076;2010-12-07
3144656;Nesodden;Nesodden;59.8422;10.6494;ADM2;NO;01;0216;17129;2010-12-07
3144660;Nesna;Nesna;66.19796;13.02229;ADM2;NO;09;1828;1786;2014-02-04
3144882;Nedre Eiker;Nedre Eiker;59.75023;10.00736;ADM2;NO;04;0625;22332;2010-12-07
3144951;Naustdal;Naustdal;61.51034;5.71719;ADM2;NO;15;1433;2655;2014-02-04
3145014;Nannestad;Nannestad;60.21707;11.012;ADM2;NO;01;0238;10800;2010-12-07
3145020;Namsskogan;Namsskogan;64.92597;13.15932;ADM2;NO;10;1740;924;2010-12-07
3145028;Namdalseid;Namdalseid;64.10843;10.91862;ADM2;NO;10;1725;1720;2014-02-04
3145065;Nærøy;Naeroy;64.86298;11.60505;ADM2;NO;10;1751;4988;2014-02-04
3145343;Mosvik;Mosvik;63.75404;10.83534;ADM2H;NO;10;1756;836;2013-05-27
3145382;Moskenes;Moskenes;67.93467;13.09109;ADM2;NO;09;1874;1116;2014-02-04
3145495;Møre og Romsdal fylke;More og Romsdal fylke;62.7345;7.1506;ADM1;NO;08;;244689;2017-09-21
3145582;Molde;Molde;62.73807;7.15882;ADM2;NO;08;1502;24554;2014-07-10
3145690;Modum;Modum;59.97346;10.00468;ADM2;NO;04;0623;12872;2010-12-07
3145691;Modalen;Modalen;60.81735;5.8079;ADM2;NO;07;1252;351;2010-12-07
3146022;Meråker;Meraker;63.41423;11.74558;ADM2;NO;10;1711;2476;2014-07-10
3146067;Meløy;Meloy;66.87204;13.70763;ADM2;NO;09;1837;6641;2010-12-07
3146123;Melhus;Melhus;63.28755;10.27686;ADM2;NO;16;1653;14655;2014-02-04
3146152;Meldal;Meldal;63.04598;9.71088;ADM2;NO;16;1636;3899;2010-12-07
3146170;Meland;Meland;60.51777;5.24063;ADM2;NO;07;1256;6478;2014-07-10
3146314;Masfjorden;Masfjorden;60.79947;5.30035;ADM2;NO;07;1266;1652;2014-02-04
3146469;Malvik;Malvik;63.41057;10.79382;ADM2;NO;16;1663;12457;2014-02-04
3146478;Målselv;Malselv;69.12389;18.61498;ADM2;NO;18;1924;6490;2014-07-10
3146682;Lyngdal;Lyngdal;58.13829;7.06836;ADM2;NO;19;1032;7636;2010-12-07
3146725;Luster;Luster;61.4031;7.29793;ADM2;NO;15;1426;4879;2014-07-09
3146743;Lurøy;Luroy;66.41887;12.84248;ADM2;NO;09;1834;1883;2014-02-04
3146759;Lunner;Lunner;60.29462;10.6086;ADM2;NO;11;0533;8552;2010-12-07
3146777;Lund;Lund;58.45715;6.54871;ADM2;NO;14;1112;3111;2010-12-07
3146896;Løten;Loten;60.81771;11.34373;ADM2;NO;06;0415;7255;2010-12-07
3146936;Lørenskog;Lorenskog;59.93209;10.96079;ADM2;NO;01;0230;32300;2010-12-07
3147022;Lom;Lom;61.83639;8.56811;ADM2;NO;11;0514;2406;2014-02-20
3147101;Lødingen;Lodingen;68.40998;15.99012;ADM2;NO;09;1851;2242;2014-02-04
3147439;Lindås;Lindas;60.5491;5.28559;ADM2;NO;07;1263;14036;2010-12-07
3147541;Lier;Lier;59.78663;10.2459;ADM2;NO;04;0626;22873;2010-12-07
3147714;Lesja;Lesja;62.11785;8.86262;ADM2;NO;11;0512;2170;2014-02-04
3147742;Lenvik;Lenvik;69.23111;17.98739;ADM2;NO;18;1931;11207;2014-02-04
3147775;Leksvik;Leksvik;63.6736;10.6272;ADM2;NO;10;1718;3517;2010-12-07
3147796;Leka;Leka;65.09244;11.70513;ADM2;NO;10;1755;582;2014-06-07
3147877;Leirfjord;Leirfjord;66.06348;12.93667;ADM2;NO;09;1822;2088;2014-09-09
3147943;Leikanger;Leikanger;61.18556;6.82199;ADM2;NO;15;1419;2156;2014-02-04
3147989;Lavangen;Lavangen;68.74722;17.80558;ADM2;NO;18;1920;1023;2014-02-04
3148572;Lærdal;Laerdal;61.09842;7.48101;ADM2;NO;15;1422;2199;2010-12-07
3148673;Kvitsøy;Kvitsoy;59.06471;5.40537;ADM2;NO;14;1144;542;2010-12-07
3148725;Kviteseid;Kviteseid;59.40194;8.49459;ADM2;NO;17;0829;2546;2010-12-07
3148768;Kvinnherad;Kvinnherad;59.98421;6.01227;ADM2;NO;07;1224;13112;2010-12-07
3148775;Kvinesdal;Kvinesdal;58.23894;6.71445;ADM2;NO;19;1037;5690;2014-02-04
3149017;Kvam;Kvam;60.36977;6.14344;ADM2;NO;07;1238;8338;2010-12-07
3149109;Kvæfjord;Kvaefjord;68.77201;16.17294;ADM2;NO;18;1911;3032;2010-12-07
3149302;Krødsherad;Krodsherad;60.17944;9.62124;ADM2;NO;04;0622;2114;2010-12-07
3149409;Kragerø;Kragero;58.86792;9.41099;ADM2;NO;17;0815;10620;2014-07-11
3149534;Kongsvinger;Kongsvinger;60.19117;11.99916;ADM2;NO;06;0402;17326;2014-07-11
3149862;Klepp;Klepp;58.77655;5.63009;ADM2;NO;14;1120;16350;2010-12-07
3149954;Klæbu;Klaebu;63.3006;10.48188;ADM2;NO;16;1662;5634;2014-07-11
3150803;Jondal;Jondal;60.2762;6.25257;ADM2;NO;07;1227;1022;2014-07-11
3150821;Jølster;Jolster;61.56923;6.48351;ADM2;NO;15;1431;2950;2010-12-07
3150840;Jevnaker;Jevnaker;60.2406;10.38587;ADM2;NO;11;0532;6251;2010-12-07
3150950;Iveland;Iveland;58.4574;7.91817;ADM2;NO;02;0935;1224;2014-07-10
3151158;Inderøy;Inderoy;63.87826;11.28424;ADM2;NO;10;1756;5846;2013-05-27
3151230;Ibestad;Ibestad;68.77866;17.17661;ADM2;NO;18;1917;1440;2014-07-11
3151263;Hyllestad;Hyllestad;61.17036;5.29614;ADM2;NO;15;1413;1474;2014-02-04
3151309;Hvaler;Hvaler;59.02809;11.0311;ADM2;NO;13;0111;3998;2010-12-07
3151404;Hurum;Hurum;59.61401;10.45763;ADM2;NO;04;0628;9000;2010-12-07
3151414;Hurdal;Hurdal;60.43518;11.06707;ADM2;NO;01;0239;2621;2014-02-04
3151536;Høylandet;Hoylandet;64.62759;12.30041;ADM2;NO;10;1743;1274;2014-02-04
3151572;Høyanger;Hoyanger;61.2188;6.07308;ADM2;NO;15;1416;4327;2014-02-04
3151810;Hornindal;Hornindal;61.96925;6.52249;ADM2;NO;15;1444;1223;2014-02-04
3151864;Hordaland Fylke;Hordaland Fylke;60.3867;5.3325;ADM1;NO;07;;448343;2017-09-21
3152504;Hobøl;Hobol;59.62252;10.94979;ADM2;NO;13;0138;4661;2010-12-07
3152560;Hjelmeland;Hjelmeland;59.23668;6.17912;ADM2;NO;14;1133;2701;2010-12-07
3152610;Hjartdal;Hjartdal;59.61276;8.94942;ADM2;NO;17;0827;1613;2014-02-04
3152623;Hitra;Hitra;63.54528;8.78029;ADM2;NO;16;1617;4145;2010-12-07
3152987;Hemsedal;Hemsedal;60.86114;8.56537;ADM2;NO;04;0618;1995;2014-02-04
3152993;Hemnes;Hemnes;66.07712;13.8135;ADM2;NO;09;1832;4527;2014-02-04
3152998;Hemne;Hemne;63.29095;9.08893;ADM2;NO;16;1612;4225;2010-12-07
3153403;Hedmark fylke;Hedmark fylke;60.7953;11.0827;ADM1;NO;06;;188376;2017-09-21
3153753;Hattfjelldal;Hattfjelldal;65.59765;13.98948;ADM2;NO;09;1826;1438;2014-07-11
3153860;Hareid;Hareid;62.36742;6.02114;ADM2;NO;08;1517;4817;2014-07-10
3153889;Haram;Haram;62.59898;6.44483;ADM2;NO;08;1534;8694;2014-07-10
3154063;Hamarøy;Hamaroy;68.08381;15.61671;ADM2;NO;09;1849;1754;2010-12-07
3154114;Holtålen;Holtalen;62.84318;11.29284;ADM2;NO;16;1644;2064;2010-12-07
3154148;Halsa;Halsa;63.11855;8.31536;ADM2;NO;08;1571;1647;2010-12-07
3154388;Hægebostad;Haegebostad;58.37572;7.21973;ADM2;NO;19;1034;1620;2010-12-07
3154394;Hadsel;Hadsel;68.56328;14.90835;ADM2;NO;09;1866;7950;2010-12-07
3154414;Hå;Ha;58.6161;5.64497;ADM2;NO;14;1119;15949;2010-12-07
3154556;Gulen;Gulen;60.98192;5.07408;ADM2;NO;15;1411;2283;2014-07-11
3154695;Grue;Grue;60.45133;12.05489;ADM2;NO;06;0423;5080;2010-12-07
3154905;Grong;Grong;64.46397;12.31114;ADM2;NO;10;1742;2350;2010-12-07
3155195;Gratangen;Gratangen;68.69273;17.53186;ADM2;NO;18;1919;1151;2014-07-09
3155244;Granvin;Granvin;60.52629;6.72178;ADM2;NO;07;1234;950;2014-07-09
3155280;Gran;Gran;60.39293;10.56045;ADM2;NO;11;0534;13217;2010-12-07
3155295;Grane;Grane;65.53865;13.38499;ADM2;NO;09;1825;1500;2014-07-09
3155419;Gol;Gol;60.69953;8.95024;ADM2;NO;04;0617;4516;2014-07-10
3155473;Gloppen;Gloppen;61.77728;6.21561;ADM2;NO;15;1445;5673;2014-07-10
3155644;Gjesdal;Gjesdal;58.76478;5.855;ADM2;NO;14;1122;9969;2010-12-07
3155672;Gjerstad;Gjerstad;58.88133;9.01917;ADM2;NO;02;0911;2496;2010-12-07
3155709;Gjerdrum;Gjerdrum;60.07159;11.03597;ADM2;NO;01;0234;5567;2010-12-07
3155751;Gjemnes;Gjemnes;62.89379;7.67714;ADM2;NO;08;1557;2618;2010-12-07
3155805;Giske;Giske;62.5007;6.13472;ADM2;NO;08;1532;6873;2010-12-07
3155849;Gildeskål;Gildeskal;67.03394;14.02582;ADM2;NO;09;1838;2053;2014-07-10
3155962;Gausdal;Gausdal;61.22685;10.22145;ADM2;NO;11;0522;6091;2014-05-03
3155980;Gaular;Gaular;61.32564;5.79523;ADM2;NO;15;1430;2757;2010-12-07
3156247;Fyresdal;Fyresdal;59.18651;8.08953;ADM2;NO;17;0831;1379;2010-12-07
3156272;Fusa;Fusa;60.24072;5.74458;ADM2;NO;07;1241;3791;2010-12-07
3156441;Frosta;Frosta;63.5877;10.74135;ADM2;NO;10;1717;2487;2010-12-07
3156455;Froland;Froland;58.50724;8.6293;ADM2;NO;02;0919;4896;2010-12-07
3156466;Frogn;Frogn;59.66665;10.63566;ADM2;NO;01;0215;14435;2010-12-07
3156555;Fræna;Fraena;62.85375;7.1538;ADM2;NO;08;1548;9257;2010-12-07
3156675;Fosnes;Fosnes;64.6591;11.26535;ADM2;NO;10;1748;680;2014-07-10
3156724;Forsand;Forsand;58.89929;6.09642;ADM2;NO;14;1129;1134;2014-07-10
3156800;Førde;Forde;61.45045;5.85397;ADM2;NO;15;1432;11838;2010-12-07
3156866;Folldal;Folldal;62.13329;9.9971;ADM2;NO;06;0439;1671;2010-12-07
3156987;Flora;Flora;61.59994;5.03144;ADM2;NO;15;1401;11448;2014-07-10
3157053;Flesberg;Flesberg;59.83283;9.58308;ADM2;NO;04;0631;2544;2014-07-10
3157170;Flatanger;Flatanger;64.41282;11.03285;ADM2;NO;10;1749;1134;2014-07-10
3157197;Flakstad;Flakstad;68.09292;13.2331;ADM2;NO;09;1859;1419;2010-12-07
3157357;Fjell;Fjell;60.36267;5.12194;ADM2;NO;07;1246;21507;2010-12-07
3157409;Fjaler;Fjaler;61.36383;5.39808;ADM2;NO;15;1429;2838;2010-12-07
3157435;Fitjar;Fitjar;59.91742;5.31637;ADM2;NO;07;1222;2908;2010-12-07
3157573;Finnøy;Finnoy;59.17117;5.87398;ADM2;NO;14;1141;2790;2010-12-07
3157694;Fet;Fet;59.92216;11.16778;ADM2;NO;01;0227;10139;2010-12-07
3157764;Fedje;Fedje;60.77873;4.71965;ADM2;NO;07;1265;596;2014-07-10
3157780;Fauske;Fauske;67.25963;15.3941;ADM2;NO;09;1841;9477;2014-07-10
3157976;Evje og Hornnes;Evje og Hornnes;58.56199;7.78036;ADM2;NO;02;0937;3408;2010-12-07
3158002;Evenes;Evenes;68.52334;17.00888;ADM2;NO;09;1853;1345;2010-12-07
3158016;Etne;Etne;59.66472;5.93438;ADM2;NO;07;1211;3854;2010-12-07
3158018;Etnedal;Etnedal;60.88872;9.64031;ADM2;NO;11;0541;1380;2010-12-07
3158205;Engerdal;Engerdal;61.75774;11.95966;ADM2;NO;06;0434;1436;2014-07-10
3158260;Enebakk;Enebakk;59.76452;11.14492;ADM2;NO;01;0229;10153;2010-12-07
3158299;Elverum;Elverum;60.88159;11.56314;ADM2;NO;06;0427;19687;2010-12-07
3158591;Eigersund;Eigersund;58.45236;6.00314;ADM2;NO;14;1101;13969;2010-12-07
3158606;Eidsvoll;Eidsvoll;60.32893;11.26119;ADM2;NO;01;0237;20321;2010-12-07
3158629;Eidskog;Eidskog;59.98556;12.12502;ADM2;NO;06;0420;6394;2010-12-07
3158648;Eidsberg;Eidsberg;59.55148;11.33587;ADM2;NO;13;0125;10701;2014-07-10
3158666;Eidfjord;Eidfjord;60.46741;7.06971;ADM2;NO;07;1232;945;2010-12-07
3158837;Dyrøy;Dyroy;69.09154;17.69094;ADM2;NO;18;1926;1216;2010-12-07
3159006;Drangedal;Drangedal;59.09655;9.0596;ADM2;NO;17;0817;4138;2010-12-07
3159047;Dovre;Dovre;61.98582;9.24947;ADM2;NO;11;0511;2772;2014-07-10
3159094;Dønna;Donna;66.10606;12.48189;ADM2;NO;09;1827;1432;2010-12-07
3159574;Bykle;Bykle;59.35692;7.35807;ADM2;NO;02;0941;965;2014-07-10
3159581;Bygland;Bygland;58.83133;7.7972;ADM2;NO;02;0938;1225;2010-12-07
3159665;Buskerud fylke;Buskerud fylke;59.7484;10.1891;ADM1;NO;04;;253006;2017-09-21
3159955;Brønnøy;Bronnoy;65.46786;12.20626;ADM2;NO;09;1813;7597;2014-09-09
3160090;Bremanger;Bremanger;61.76862;5.28907;ADM2;NO;15;1438;3899;2010-12-07
3160606;Horten;Horten;59.41547;10.48527;ADM2;NO;20;0701;25471;2010-12-07
3160744;Bømlo;Bomlo;59.79384;5.17624;ADM2;NO;07;1219;11085;2010-12-07
3160810;Bokn;Bokn;59.23062;5.43524;ADM2;NO;14;1145;811;2014-07-09
3161159;Bjugn;Bjugn;63.76522;9.8094;ADM2;NO;16;1627;4540;2010-12-07
3161457;Bjerkreim;Bjerkreim;58.6305;6.0813;ADM2;NO;14;1114;2580;2014-07-10
3161499;Bjarkøy;Bjarkoy;68.99994;16.56392;ADM2H;NO;18;1903;503;2013-05-27
3161528;Birkenes;Birkenes;58.33479;8.23271;ADM2;NO;02;0928;4608;2014-07-11
3161552;Bindal;Bindal;65.0878;12.37747;ADM2;NO;09;1811;1616;2010-12-07
3161733;Bergen;Bergen;60.392;5.328;ADM2;NO;07;1201;252051;2010-12-07
3161943;Beiarn;Beiarn;67.00725;14.57304;ADM2;NO;09;1839;1137;2014-07-09
3162043;Bardu;Bardu;68.86058;18.35052;ADM2;NO;18;1922;3981;2014-07-09
3162078;Bamble;Bamble;59.00146;9.74573;ADM2;NO;17;0814;14097;2014-07-09
3162091;Balsfjord;Balsfjord;69.24024;19.22653;ADM2;NO;18;1933;5497;2014-07-09
3162107;Ballangen;Ballangen;68.34365;16.83317;ADM2;NO;09;1854;2623;2014-07-09
3162115;Balestrand;Balestrand;61.20809;6.53551;ADM2;NO;15;1418;1348;2014-07-09
3162212;Bærum;Baerum;59.88996;10.52649;ADM2;NO;01;0219;109700;2010-12-07
3162270;Austrheim;Austrheim;60.77742;4.93227;ADM2;NO;07;1264;2576;2014-07-09
3162320;Austevoll;Austevoll;60.09578;5.22722;ADM2;NO;07;1244;4417;2017-09-24
3162354;Aust-Agder fylke;Aust-Agder fylke;58.4643;8.768;ADM1;NO;02;;106842;2017-09-21
3162403;Aurland;Aurland;60.90556;7.18734;ADM2;NO;15;1421;1687;2014-07-09
3162407;Aure;Aure;63.2675;8.52778;ADM2;NO;08;1576;3508;2014-07-11
3162593;Åsnes;Asnes;60.61363;12.012;ADM2;NO;06;0425;7610;2010-12-07
3162629;Askvoll;Askvoll;61.3485;5.05318;ADM2;NO;15;1428;3031;2014-07-09
3162639;Askøy;Askoy;60.40916;5.22599;ADM2;NO;07;1247;24432;2014-07-09
3162649;Askim;Askim;59.58464;11.16084;ADM2;NO;13;0124;14703;2014-07-09
3162656;Asker;Asker;59.83734;10.43595;ADM2;NO;01;0220;53756;2014-07-09
3162672;Ås;As;59.66366;10.79101;ADM2;NO;01;0214;15863;2012-08-29
3162697;Åseral;Aseral;58.6173;7.41118;ADM2;NO;19;1026;914;2014-07-10
3162957;Aremark;Aremark;59.22198;11.69582;ADM2;NO;13;0118;1420;2010-12-07
3163149;Andebu;Andebu;59.30589;10.17511;ADM2H;NO;20;0719;5241;2017-09-20
3163189;Åmot;Amot;61.13199;11.37328;ADM2;NO;06;0429;4280;2010-12-07
3163213;Åmli;Amli;58.76599;8.48531;ADM2;NO;02;0929;1855;2010-12-07
3163268;Alvdal;Alvdal;62.10854;10.63483;ADM2;NO;06;0438;2399;2014-07-09
3163293;Alstahaug;Alstahaug;65.97556;12.56836;ADM2;NO;09;1820;7208;2017-09-23
3163374;Ål;Al;60.63028;8.56115;ADM2;NO;04;0619;4640;2010-12-07
3163480;Akershus fylke;Akershus fylke;60;11.16667;ADM1;NO;01;;523272;2017-09-21
3163525;Agdenes;Agdenes;63.50575;9.82623;ADM2;NO;16;1622;1732;2010-12-07
3163537;Åfjord;Afjord;63.96196;10.22587;ADM2;NO;16;1630;3237;2010-12-07
6453312;Hammerfest;Hammerfest;70.66257;23.68295;ADM2;NO;05;2004;9493;2014-07-11
6453313;Vardø;Vardo;70.3704;31.10866;ADM2;NO;05;2002;2144;2010-12-07
6453314;Porsanger;Porsanger;70.05214;24.95592;ADM2;NO;05;2020;4000;2010-12-07
6453315;Vadsø;Vadso;70.07412;29.74922;ADM2;NO;05;2003;6076;2010-12-07
6453316;Tromsø;Tromso;69.64961;18.95702;ADM2;NO;18;1902;66513;2014-07-11
6453317;Berg;Berg;69.44444;17.2995;ADM2;NO;18;1929;942;2014-07-11
6453318;Andøy;Andoy;69.08033;15.77637;ADM2;NO;09;1871;5034;2017-09-23
6453319;Harstad;Harstad;68.79896;16.5293;ADM2;NO;18;1903;23126;2013-05-28
6453320;Bø;Bo;68.68823;14.47899;ADM2;NO;09;1867;2838;2014-05-03
6453321;Narvik;Narvik;68.43896;17.42775;ADM2;NO;09;1805;18348;2014-07-10
6453322;Vestvågøy;Vestvagoy;68.1483;13.61119;ADM2;NO;09;1860;10706;2014-07-10
6453323;Bodø;Bodo;67.28325;14.38319;ADM2;NO;09;1804;46495;2010-12-07
6453324;Rana;Rana;66.31122;14.13996;ADM2;NO;09;1833;25281;2010-12-07
6453325;Herøy;Heroy;65.98427;12.28916;ADM2;NO;09;1818;1652;2010-12-07
6453326;Vega;Vega;65.67539;11.96456;ADM2;NO;09;1815;1288;2010-12-07
6453327;Lierne;Lierne;64.46413;13.59249;ADM2;NO;10;1738;1461;2010-12-07
6453328;Namsos;Namsos;64.47842;11.54182;ADM2;NO;10;1703;12723;2017-09-22
6453329;Frøya;Froya;63.73005;8.82426;ADM2;NO;16;1620;4215;2010-12-07
6453330;Levanger;Levanger;63.74585;11.29991;ADM2;NO;10;1719;18464;2014-07-10
6453331;Kristiansund;Kristiansund;63.11152;7.73198;ADM2;NO;08;1505;22937;2010-12-07
6453332;Averøy;Averoy;63.05344;7.63265;ADM2;NO;08;1554;5444;2010-12-07
6453333;Eide;Eide;62.9157;7.44496;ADM2;NO;08;1551;3316;2014-07-10
6453334;Aukra;Aukra;62.805;6.88722;ADM2;NO;08;1547;3183;2014-07-10
6453335;Midtre Gauldal;Midtre Gauldal;63.03902;10.28701;ADM2;NO;16;1648;5950;2012-01-11
6453336;Midsund;Midsund;62.67614;6.67776;ADM2;NO;08;1545;1922;2014-07-10
6453337;Rauma;Rauma;62.5681;7.68612;ADM2;NO;08;1539;7376;2010-12-07
6453338;Vestnes;Vestnes;62.6213;7.08966;ADM2;NO;08;1535;6478;2014-07-10
6453339;Røros;Roros;62.57562;11.3873;ADM2;NO;16;1640;5563;2014-07-10
6453340;Herøy;Heroy;62.33333;5.63598;ADM2;NO;08;1515;8349;2010-12-07
6453341;Ålesund;Alesund;62.47124;6.15424;ADM2;NO;08;1504;42317;2014-07-10
6453342;Os;Os;62.49536;11.22807;ADM2;NO;06;0441;2046;2010-12-07
6453343;Sula;Sula;62.44447;6.21229;ADM2;NO;08;1531;7778;2010-12-07
6453344;Tolga;Tolga;62.40984;10.9977;ADM2;NO;06;0436;1678;2010-12-07
6453345;Sande;Sande;62.20455;5.57971;ADM2;NO;08;1514;2541;2014-07-10
6453346;Vågsøy;Vagsoy;61.93544;5.11402;ADM2;NO;15;1439;5989;2014-07-10
6453347;Eid;Eid;61.90684;5.99321;ADM2;NO;15;1443;5861;2010-12-07
6453348;Årdal;Ardal;61.23639;7.70204;ADM2;NO;15;1424;5600;2010-12-07
6453349;Vang;Vang;61.12564;8.57167;ADM2;NO;11;0545;1583;2014-07-10
6453350;Lillehammer;Lillehammer;61.11464;10.46743;ADM2;NO;11;0501;26104;2014-07-10
6453351;Hamar;Hamar;60.79451;11.0783;ADM2;NO;06;0403;28211;2014-07-10
6453352;Vaksdal;Vaksdal;60.5903;5.82272;ADM2;NO;07;1251;4110;2010-12-07
6453353;Øygarden;Oygarden;60.59041;4.8389;ADM2;NO;07;1259;4223;2010-12-07
6453354;Radøy;Radoy;60.64187;5.0411;ADM2;NO;07;1260;4825;2010-12-07
6453355;Gjøvik;Gjovik;60.79472;10.69287;ADM2;NO;11;0502;28611;2014-07-10
6453356;Våler;Valer;60.67845;11.83314;ADM2;NO;06;0426;3869;2014-07-10
6453357;Hol;Hol;60.61528;8.30194;ADM2;NO;04;0620;4430;2014-07-10
6453358;Osterøy;Osteroy;60.52389;5.50551;ADM2;NO;07;1253;7352;2010-12-07
6453359;Nes;Nes;60.56804;9.10169;ADM2;NO;04;0616;3461;2010-12-07
6453360;Ringerike;Ringerike;60.16018;10.2566;ADM2;NO;04;0605;28645;2010-12-07
6453361;Flå;Fla;60.4291;9.46611;ADM2;NO;04;0615;1011;2010-12-07
6453362;Os;Os;60.18547;5.46962;ADM2;NO;07;1243;16437;2010-12-07
6453363;Nore og Uvdal;Nore og Uvdal;60.26706;8.94635;ADM2;NO;04;0633;2503;2010-12-07
6453364;Nes;Nes;60.12252;11.4657;ADM2;NO;01;0236;18629;2010-12-07
6453365;Vinje;Vinje;59.56924;7.98896;ADM2;NO;17;0834;3662;2014-07-10
6453366;Oslo;Oslo;59.91183;10.73367;ADM2;NO;12;0301;575475;2017-04-19
6453367;Hole;Hole;60.08017;10.2784;ADM2;NO;04;0612;5861;2010-12-07
6453368;Aurskog-Høland;Aurskog-Holand;59.88321;11.56491;ADM2;NO;01;0221;14158;2010-12-07
6453369;Notodden;Notodden;59.55992;9.26046;ADM2;NO;17;0807;12313;2010-12-07
6453370;Suldal;Suldal;59.48571;6.25222;ADM2;NO;14;1134;3833;2014-09-09
6453371;Vindafjord;Vindafjord;59.60543;5.80784;ADM2;NO;14;1160;8161;2010-12-07
6453372;Drammen;Drammen;59.74536;10.20597;ADM2;NO;04;0602;61405;2014-07-10
6453373;Kongsberg;Kongsberg;59.66516;9.64653;ADM2;NO;04;0604;24381;2010-12-07
6453374;Haugesund;Haugesund;59.41015;5.27551;ADM2;NO;14;1106;33665;2014-07-10
6453375;Karmøy;Karmoy;59.28079;5.30529;ADM2;NO;14;1149;39354;2014-07-10
6453376;Tokke;Tokke;59.44569;8.01388;ADM2;NO;17;0833;2363;2014-06-08
6453377;Svelvik;Svelvik;59.60677;10.40225;ADM2;NO;20;0711;6459;2014-07-10
6453378;Sande;Sande;59.59362;10.20757;ADM2;NO;20;0713;8214;2014-07-10
6453379;Hof;Hof;59.52865;10.08942;ADM2;NO;20;0714;3058;2014-07-10
6453380;Marker;Marker;59.47952;11.65917;ADM2;NO;13;0119;3455;2010-12-07
6453381;Bø;Bo;59.41281;9.06618;ADM2;NO;17;0821;5518;2010-12-07
6453382;Holmestrand;Holmestrand;59.48976;10.31515;ADM2;NO;20;0702;9964;2014-07-10
6453383;Skien;Skien;59.20748;9.61052;ADM2;NO;17;0806;51359;2014-07-10
6453384;Moss;Moss;59.43436;10.65968;ADM2;NO;13;0104;29588;2014-07-10
6453385;Våler;Valer;59.4887;10.86551;ADM2;NO;13;0137;4437;2010-12-07
6453386;Lardal;Lardal;59.40243;9.95918;ADM2;NO;20;0728;2379;2010-12-07
6453387;Nome;Nome;59.28136;9.25678;ADM2;NO;17;0819;6557;2010-12-07
6453388;Sarpsborg;Sarpsborg;59.28148;11.11167;ADM2;NO;13;0105;51723;2014-07-10
6453389;Tønsberg;Tonsberg;59.27114;10.40939;ADM2;NO;20;0704;38914;2016-12-30
6453390;Larvik;Larvik;59.05234;10.02701;ADM2;NO;20;0709;42124;2014-07-11
6453391;Stavanger;Stavanger;58.96941;5.72856;ADM2;NO;14;1103;121610;2010-12-07
6453392;Fredrikstad;Fredrikstad;59.21759;10.93787;ADM2;NO;13;0106;72760;2010-12-07
6453393;Sandnes;Sandnes;58.8476;5.72855;ADM2;NO;14;1102;63431;2010-12-07
6453394;Porsgrunn;Porsgrunn;59.1419;9.6568;ADM2;NO;17;0805;34377;2014-07-10
6453395;Halden;Halden;59.12258;11.38709;ADM2;NO;13;0101;28389;2012-01-20
6453396;Sandefjord;Sandefjord;59.12881;10.21971;ADM2;NO;20;0710;42654;2017-09-20
6453397;Risør;Risor;58.71858;9.21205;ADM2;NO;02;0901;6889;2014-07-10
6453398;Flekkefjord;Flekkefjord;58.29791;6.66345;ADM2;NO;19;1004;8975;2014-07-10
6453399;Arendal;Arendal;58.46039;8.76501;ADM2;NO;02;0906;41241;2014-07-10
6453400;Marnardal;Marnardal;58.19802;7.52802;ADM2;NO;19;1021;2223;2010-12-07
6453401;Grimstad;Grimstad;58.34623;8.59703;ADM2;NO;02;0904;20111;2014-07-11
6453402;Songdalen;Songdalen;58.15273;7.83677;ADM2;NO;19;1017;5804;2010-12-07
6453403;Farsund;Farsund;58.09538;6.80403;ADM2;NO;19;1003;9427;2010-12-07
6453404;Lindesnes;Lindesnes;58.08435;7.30162;ADM2;NO;19;1029;4620;2010-12-07
6453405;Kristiansand;Kristiansand;58.14642;7.99687;ADM2;NO;19;1001;80109;2014-07-10
6453406;Mandal;Mandal;58.02633;7.45014;ADM2;NO;19;1002;14543;2014-07-10
